Sample;Este (X);Norte (Y);Altura (Z);Litología;Productividad;Método;Ag_ppm;Al_pct;As_ppm;Ba_ppm;Be_ppm;Bi_ppm;Ca_pct;Cd_ppm;Ce_ppm;Co_ppm;Cr_ppm;Cs_ppm;Cu_ppm;Fe_pct;Ga_ppm;Hf_ppm;In_ppm;K_pct;La_ppm;Li_ppm;Mg_pct;Mn_ppm;Mo_ppm;Na_pct;Nb_ppm;Ni_ppm;P_pct;Pb_ppm;Rb_ppm;Re_ppm;S_pct;Sb_ppm;Sc_ppm;Se_ppm;Sr_ppm;Ta_ppm;Te_ppm;Th_ppm;Ti_pct;Tl_ppm;U_ppm;V_ppm;W_ppm;Y_ppm;Zn_ppm;Zr_ppm
PA-04;992148.2;1104706.6;519.84;Brecha;Productiva;AQ252;0.083;0.05;15.1;38.6;0.05;0.3;15.94;6.77;21.2;13.5;1.4;0.03;14.89;3.44;0.2;0.01;0.01;0.01;10.6;0.4;0.95;657;0.79;0.042;0.01;16.8;0.047;3.95;0.5;0.002;3.39;0.71;4.8;0.2;56.3;0.025;0.02;4.2;0.0005;0.01;1.9;1;0.05;14.47;149.5;0.05
PA-06;992099.7;1104745.7;604.2;Brecha;Productiva;AQ252;0.064;0.05;21.9;21.8;0.2;0.78;5.5;0.96;26;17.3;2.9;0.02;10.69;3.2;0.3;0.01;0.01;0.005;13.4;0.9;1.92;543;1.37;0.031;0.01;24.1;0.099;2.49;0.4;0.001;3.21;1.02;3.4;0.05;17.7;0.025;0.05;7.1;0.0005;0.01;1.2;4;0.05;6.57;42.8;0.05
PA-33;992132.547;1104684.67;522.09;Brecha;Productiva;MA250;0.267;7.36;67.6;860;1;2.34;1.91;2.01;7.53;14.8;18;0.05;16.6;3.46;20.5;0.01;0.02;0.06;3;0.7;0.46;150;4.27;7.259;1.52;41.9;0.208;8.74;2;0.003;0.64;3.65;1.8;0.8;46;0.1;0.14;7;0.052;0.24;1.8;32;0.1;7.9;138.3;0.3
PA-34;992132.5471;1104684.67;522.09;Brecha;Productiva;MA250;0.188;6.55;47.3;337;1;1.81;3.65;3.62;20.86;14.7;6;0.05;11.7;2.36;16.05;0.01;0.02;0.03;9.4;0.7;0.92;316;2.95;7.373;1.64;48.1;0.213;6.14;0.2;0.004;0.71;2.8;1.6;0.9;43;0.1;0.2;7.9;0.052;0.12;1.6;11;0.2;7.1;217.3;0.2
PA-38;992148.945;1104712.24;514.81;Brecha;Productiva;MA250;0.079;1.94;32.3;9;0.5;0.25;23.75;6.39;20.32;12.5;6;0.05;13.5;4.99;4.56;0.02;0.07;0.04;7.3;1.8;1.61;1053;0.62;1.564;1.05;31.7;0.037;4.78;2.4;0.003;2.31;1.74;5.7;0.8;106;0.05;4.03;1.4;0.029;0.025;1.6;16;0.2;30.8;117.6;0.5
PA-56;992105.584;1104624.84;489.61;Brecha;Productiva;MA250;0.09;4.01;26.6;80;1;0.31;18.05;7.28;33.29;15;15;0.3;7.2;2.62;11.43;0.05;0.02;0.26;14.9;5.5;1.67;780;2.01;0.2929;2.25;27;0.095;2.61;11.9;0.01;1.11;0.8;20.8;0.8;123;0.2;3.73;3.7;0.069;0.09;3.7;82;0.3;39.8;176.7;3.3
PA-82;992144.50;1104704.35;526.87;Brecha;Productiva;MA250;0.203;2.16;81.7;27;2;0.18;17.15;1.27;209.34;30.9;18;0.2;6.3;6.92;14.51;0.01;0.005;0.9;99.4;5.3;5.83;1077;2.64;0.334;0.43;107.5;0.046;1.62;30.1;0.004;2.9;0.39;33.3;2.5;76;0.05;5.18;4;0.024;0.05;0.7;223;0.1;20.5;75.6;0.4
RC-000754;991694.410;1103164.71;712.23;Brecha;Productiva;ME-MS61;0.005;9.27;4.9;10;0.77;0.03;0.48;0.39;34.5;1.1;16;0.14;1.7;0.47;12.95;0.2;0.085;0.17;17.9;29.9;0.02;90;19.65;7.58;8.5;6.9;230;0.9;7.9;0.014;0.15;0.68;1.3;1;47.9;0.55;0.025;10.1;0.244;0.07;4.2;93;2.4;2.1;9;5.6
RC-000755;991693.530;1103164.65;711.34;Brecha;Productiva;ME-MS61;0.005;11;25;130;2.18;0.17;0.34;0.46;44.3;8.8;57;1.61;2.5;1.26;28;0.3;0.028;1.52;21.6;12.1;0.06;35;48.5;5.92;15;41.2;630;1.3;70.5;0.031;1.32;1.61;11.4;4;50.2;1.01;0.025;11.25;0.427;0.38;3.9;536;2.9;3.2;15;8.2
RC-000756;991691.940;1103164.54;709.75;Brecha;Productiva;ME-MS61;0.005;8.95;3;40;0.79;0.05;0.31;0.55;117.5;0.7;43;0.33;1.2;0.34;16.55;0.2;0.029;0.42;62.4;6.7;0.03;50;31.7;7.32;11.5;4.9;320;0.9;18.7;0.018;0.1;0.76;2.6;0.5;46.5;0.78;0.025;13.35;0.318;0.13;3.7;239;4.3;2.6;9;5.3
RC-000757;991690.570;1103164.44;708.37;Brecha;Productiva;ME-MS61;0.02;9.12;4.3;30;0.42;0.09;0.24;0.48;11.5;1.2;8;0.06;2.2;0.45;12.8;0.1;0.023;0.02;5.6;1.6;0.01;55;16.8;8.17;6.1;6.7;50;0.9;0.4;0.011;0.19;0.91;0.2;1;45.1;0.41;0.025;6.06;0.163;0.06;2;21;5.3;1;5;4.3
RC-000758;991689.350;1103164.36;707.16;Brecha;Productiva;ME-MS61;0.02;10.3;4.8;160;2.12;0.03;0.21;0.66;2.74;0.8;91;1.58;1.4;0.39;27.8;0.2;0.033;1.36;1.3;9.2;0.05;41;76.3;6.16;17.4;8.2;150;1.4;61.6;0.071;0.16;1.11;7.5;1;54;1.13;0.025;19.1;0.499;0.3;5.9;743;7;1.2;15;6.3
RC-000759;991687.800;1103164.25;705.6;Brecha;Productiva;ME-MS61;0.01;10.05;6.8;120;1.57;0.04;0.24;0.47;165;1.3;69;0.96;1.7;0.43;23.8;0.2;0.031;0.94;89.8;8.4;0.04;39;48.3;6.67;13.6;9.7;370;1.2;44.7;0.052;0.21;0.98;5.1;1;51.9;0.89;0.025;17.35;0.384;0.26;5.2;510;3.9;2.7;17;4.9
RC-000761;991685.310;1103164.78;703.11;Brecha;Productiva;ME-MS61;0.005;11.4;6.6;190;1.58;0.04;0.6;0.85;4.74;1.5;85;1.6;2.8;0.65;29.1;0.2;0.025;1.63;2.2;4.3;0.06;73;64.3;5.99;13;12.3;1250;1.1;80.4;0.051;0.22;0.94;7.9;2;52.1;0.86;0.025;14.5;0.358;0.39;5;851;2.3;3.3;29;5.3
RC-000762;991683.610;1103163.92;700.84;Brecha;Productiva;ME-MS61;0.005;9.85;2.6;110;1;0.03;0.25;0.56;7.39;0.6;119;0.88;1.7;0.31;22.6;0.2;0.02;1.12;4.1;5;0.04;27;70.4;6.36;17;6.5;300;1.1;57.8;0.07;0.11;0.76;5;1;47.1;1.12;0.025;17.3;0.496;0.32;5.2;669;4.8;1.4;17;6.9
RC-000763;991681.680;1103163.82;699.47;Brecha;Productiva;ME-MS61;0.02;9.54;3;120;1.33;0.03;0.29;0.56;12.9;0.7;99;0.78;1.8;0.35;22.4;0.1;0.034;1.09;6.8;5.8;0.04;53;81.7;7.01;17.1;7;180;1.2;50.5;0.074;0.1;0.81;5.6;0.5;47.1;1.1;0.025;16.1;0.51;0.24;5.2;640;5.2;1.4;19;4.8
RC-000764;991680.130;1103163.71;697.91;Brecha;Productiva;ME-MS61;0.03;10.6;34.3;130;1.55;0.23;0.35;0.7;52.7;10.8;79;0.88;10.5;2.01;23.3;0.1;0.025;1;27.2;5.4;0.04;31;64.9;6.69;12.5;55.6;740;1.8;45.8;0.041;2.11;1.64;7.5;5;53.2;0.86;0.025;13.65;0.384;0.36;3.9;403;3.1;3.2;19;4.6
RC-000765;991678.580;1103163.6;696.35;Brecha;Productiva;ME-MS61;0.04;10.45;24.7;80;1.55;0.53;0.26;0.37;49.5;6.2;71;0.68;5.5;1.11;25.1;0.2;0.017;0.9;25.9;2.6;0.03;25;50.5;6.98;17;31.8;420;2.2;40.7;0.022;1.12;1.87;8.3;3;53.6;1.08;0.07;11.85;0.477;0.31;3;377;2.3;2.7;11;5.4
RC-000766;991677.550;1103163.53;695.33;Brecha;Productiva;ME-MS61;0.01;9.93;7;60;0.99;0.07;0.55;0.34;116.5;2.7;53;0.22;1.7;1.07;18;0.2;0.031;0.51;62.7;6.9;0.03;159;38;7.24;12.3;12.5;190;1;22.8;0.02;0.43;0.76;2.9;1;54.5;0.81;0.025;11;0.401;0.11;3.5;258;6.3;3;10;5.5
RC-000767;991676.460;1103163.45;694.23;Brecha;Productiva;ME-MS61;0.02;9;1.8;40;0.73;0.01;0.52;0.3;12.15;0.4;16;0.07;1.9;0.34;14.15;0.1;0.046;0.03;6.1;18.8;0.01;96;30.1;8.05;8.2;4.2;340;0.7;0.7;0.018;0.05;0.63;0.2;0.5;52.2;0.52;0.025;18.85;0.253;0.02;5.4;25;6.6;1.7;8;2.1
RC-000768;991675.100;1103163.36;692.87;Brecha;Productiva;ME-MS61;0.01;9.07;1.2;20;0.69;0.02;0.6;0.3;8.42;0.4;14;0.06;1;0.31;13.35;0.1;0.037;0.03;4.1;7.2;0.02;65;21.8;8.05;7.2;2.5;600;0.8;0.6;0.014;0.05;0.47;0.3;0.5;49.8;0.49;0.025;16;0.236;0.02;4.3;25;4.3;2.7;11;2.1
RC-000769;991673.940;1103163.28;691.7;Brecha;Productiva;ME-MS61;0.02;9;16;10;0.63;0.12;0.43;0.38;15;3.9;20;0.09;2.4;0.89;12.7;0.1;0.029;0.07;7.3;9.1;0.01;79;27.2;7.91;9.9;18.6;170;1.7;2.6;0.018;0.68;0.94;0.4;2;52.8;0.7;0.025;13.95;0.295;0.04;5;52;9.1;1.8;14;3.5
RC-000770;991672.650;1103163.19;690.41;Brecha;Productiva;ME-MS61;0.02;8.31;1.8;20;0.38;0.03;0.29;0.35;6.93;0.4;12;0.07;2.6;0.3;11.2;0.1;0.027;0.03;3.8;11.9;0.01;58;23.6;8.17;6.7;3.6;50;0.7;0.7;0.021;0.07;0.5;0.2;0.5;47.3;0.45;0.025;4.9;0.211;0.05;1.6;18;2.6;0.9;7;4.1
RC-000771;991671.310;1103163.99;689.7;Brecha;Productiva;ME-MS61;0.02;8.39;2.1;20;0.43;0.02;0.19;0.27;5.12;0.5;16;0.06;2;0.23;11.8;0.2;0.013;0.03;3;5.1;0.01;31;24.8;8.41;9;3.5;60;0.6;0.7;0.02;0.08;0.57;0.2;0.5;50;0.59;0.025;6.1;0.302;0.03;1.9;23;3;0.9;6;5.4
RC-000772;991670.540;1103163.45;688.29;Brecha;Productiva;ME-MS61;0.01;8.71;1.5;10;0.45;0.02;0.24;0.38;5.37;0.4;17;0.05;1.4;0.23;12.7;0.2;0.016;0.04;3.5;5.9;0.01;34;27.8;8.44;13.1;3.5;150;0.7;1.2;0.014;0.07;0.49;0.3;0.5;55.3;0.84;0.025;9.19;0.395;0.02;3;30;2.4;1.2;6;7.8
RC-000773;991669.240;1103162.93;686.77;Brecha;Productiva;ME-MS61;0.01;9.19;2.9;50;0.59;0.03;0.44;0.66;6.1;0.7;49;0.31;1.9;0.38;16.35;0.2;0.032;0.4;3.6;13.1;0.03;77;35.6;7.87;15.1;5.5;210;0.9;20.4;0.025;0.11;0.69;1.9;0.5;55.8;0.99;0.025;12.4;0.43;0.12;3.3;165;2.9;2.3;19;6
RC-000774;991667.150;1103162.8;684.9;Brecha;Productiva;ME-MS61;0.02;8.61;1.8;30;0.44;0.03;0.18;0.59;6.71;0.4;22;0.08;1.8;0.26;13.3;0.2;0.014;0.08;3.9;4.6;0.01;26;36.3;8.36;11.6;3.8;80;1;3.4;0.024;0.07;0.47;0.5;0.5;51.3;0.77;0.025;11.3;0.366;0.03;3;50;3.4;1;11;5.4
RC-000775;991665.770;1103162.71;683.52;Brecha;Productiva;ME-MS61;0.01;8.54;2.6;40;0.44;0.07;0.29;0.39;6.77;0.6;33;0.06;2.1;0.25;13.55;0.2;0.022;0.05;4.2;3;0.03;39;11.65;8.35;18.2;3.3;160;0.8;1.5;0.005;0.11;0.86;0.6;0.5;57.7;1.2;0.025;9.23;0.5;0.03;2.4;44;2.5;1.3;6;5.6
RC-000776;991663.940;1103162.58;681.68;Brecha;Productiva;ME-MS61;0.005;9.05;1.7;50;0.53;0.04;0.24;0.36;6.1;0.4;35;0.2;1.7;0.35;14.5;0.2;0.031;0.24;3.3;12;0.02;42;23.4;7.92;12.9;3.6;150;0.9;11.1;0.015;0.06;0.52;1.6;0.5;51.4;0.85;0.025;8.55;0.382;0.08;2.5;113;2.5;1.2;14;5
RC-000777;991662.460;1103162.48;680.2;Brecha;Productiva;ME-MS61;0.01;8.81;2;40;0.5;0.01;0.25;0.39;4.69;0.5;29;0.11;1.1;0.39;13.25;0.2;0.024;0.13;2.7;3;0.01;55;24.5;8.07;12.3;4;110;0.8;5.8;0.018;0.08;0.45;0.9;0.5;50.6;0.79;0.025;6.72;0.401;0.05;2.2;75;2.2;1.3;13;5.5
RC-000778;991661.120;1103162.38;678.85;Brecha;Productiva;ME-MS61;0.01;8.88;1.6;10;0.45;0.02;0.24;0.37;3.83;0.4;19;0.08;1.4;0.22;13.1;0.2;0.03;0.06;2.3;1.3;0.01;31;23.2;8.13;10.2;3.3;170;0.8;2.4;0.016;0.07;0.5;0.4;1;53.3;0.66;0.025;8.8;0.352;0.02;2.8;51;3.1;1.6;11;7.7
RC-000779;991659.470;1103162.27;677.2;Brecha;Productiva;ME-MS61;0.02;8.99;3.1;50;0.85;0.05;0.38;0.48;18.85;0.6;55;0.32;1.8;0.41;17.05;0.2;0.03;0.47;9.2;3.1;0.02;54;35.7;7.7;14.7;5.1;380;0.9;22.7;0.021;0.12;0.63;3.2;0.5;52.6;0.95;0.025;11.9;0.455;0.13;3.4;318;6;2.9;14;6.3
PA-01;992117.400;1104521.5;548.32;Brecha;No productiva;AQ252;0.031;0.1;18.3;111.2;0.5;0.18;10.85;5.09;4.8;9.4;2.7;0.1;6.89;1.47;0.3;0.01;0.01;0.01;1.5;1.3;2.46;836;1.71;0.033;0.01;19.2;0.125;2.66;0.7;0.002;0.57;0.47;7.7;0.05;42.9;0.025;0.05;5.5;0.0005;0.01;1.5;7;0.05;13.38;69.9;0.05
PA-101;991940.989;1104207.86;610.39;Brecha;No productiva;MA250;0.101;4.5;14.6;87;2;0.09;10.87;3.05;17.78;45.6;29;0.9;7.2;4.47;14.05;43.2;0.02;0.99;8.2;0.2;4.07;1225;1.79;2.018;2.81;52.7;0.078;3.02;43.2;0.001;4.37;1.11;10.4;1.3;64;0.2;0.8;5.4;0.1;0.12;1.4;118;0.5;11.7;86.3;3.1
PA-98;992055.859;1104287.26;604.18;Brecha;No productiva;MA250;0.06;2.71;10;154;0.5;0.04;18.41;4.54;42.7;16.5;14;0.02;4;3.32;0.01;11.7;96.71;0.25;55.1;0.1;4.64;1470;2.01;1.864;7.66;28.9;0.054;2.33;1.52;0.7;2.53;0.87;11.6;1.5;69;0.2;0.03;3.8;0.053;23.3;1.5;81;0.3;11.8;90.5;0.7
RC-002062;992749.0.4;1103484.75;552.7;Brecha;No productiva;ME-MS61;0.89;7.78;39.5;530;1.89;0.22;7.62;5.92;58.6;9.3;79;5.17;42.7;3.84;19.95;0.2;0.031;1.2;29.2;46.9;0.72;202;62.2;0.67;9.7;77.7;810;15.3;79.3;0.022;3.52;47.9;12.9;17;566;0.63;0.08;9.17;0.263;3.91;4.6;442;1.3;8.4;159;6.9
RC-002063;992747.0.23;1103481.97;551.48;Brecha;No productiva;ME-MS61;1.05;9.1;44.7;670;2.51;0.26;5.98;6.7;61.8;10.6;93;6.85;41.9;3.78;25.7;0.2;0.026;1.42;29.8;70.2;0.79;173;58.8;0.86;14.6;95.8;1100;16.1;67.1;0.023;3.63;57.3;15.1;14;719;0.99;0.05;10.9;0.376;4.31;3.6;420;2;7.5;170;5.4
PA-100;991963.640;1104135.27;630.6;Lcc;Productiva;MA250;0.021;2.77;41.5;27;0.5;0.22;12.78;0.8;19.89;34.9;15;0.05;8.9;9.49;3.31;1.2;0.02;0.03;9.5;0.05;4.52;1086;3.07;2.478;0.65;182.3;0.017;2.95;1.2;0.002;9.32;0.59;25.9;23;48;0.05;0.29;1.4;0.017;0.025;0.7;50;0.2;21.1;20.8;1
PA-102;991953.125;1104135.3;669.7;Lcc;Productiva;MA250;0.045;1.52;13.3;8;0.5;0.14;16.25;0.43;32.28;24.5;24;0.05;21.4;8.24;2.12;1;0.03;0.02;16;0.2;6.27;1416;2;1.274;2.53;83.8;0.085;2.37;1;0.002;6.9;0.84;19;5.6;63;0.2;1.36;4;0.066;0.025;0.7;96;0.5;15.8;15.4;2
PA-28;992150.116;1104751.75;519.42;Lcc;Productiva;MA250;0.19;6.34;43;528;1;1.41;11.23;3;15.74;12.2;15;0.1;12.5;2.29;15.81;0.11;0.04;0.21;7.7;2.8;1.09;627;2.69;5.409;1.89;27.7;0.126;5.76;8.7;0.001;0.76;2.71;9.5;1;70;0.1;1.58;7.1;0.061;0.15;3.1;79;0.2;20.2;179;5
PA-29;992150.26;1104751.16;519;Lcc;Productiva;MA250;0.101;6.31;32.2;649;6;0.89;5.34;1.09;158.29;9;17;0.05;10.3;1.62;21.79;0.01;0.01;0.16;85.9;2.6;1.04;419;4.55;6.727;2.56;22.5;0.173;4.09;2.5;0.003;0.54;1.86;6;0.6;56;0.2;0.66;13.7;0.085;0.12;1.7;84;0.4;16;131.5;0.2
PA-30;992148.856;1104751.2;519.84;Lcc;Productiva;MA250;0.123;3.14;16.6;69;0.5;0.87;11.85;0.75;5.07;5.5;10;0.05;6.5;1.66;8.54;0.01;0.01;0.04;1.9;0.4;3.67;1171;2.36;4.475;1.73;18.8;0.13;2.82;0.9;0.001;0.3;1.43;4;0.5;66;0.1;2.64;3.9;0.054;0.1;2.2;32;0.2;8.3;121;0.3
PA-36;992143.3;1104735.3;521.84;Lcc;Productiva;MA250;0.094;3.65;10.5;37;0.5;0.41;11.93;0.71;5.28;4.6;15;0.05;3.4;1.52;11.55;0.01;0.01;0.17;2.3;0.8;3.65;1095;1.48;4.313;1.41;13.5;0.147;2.07;5.1;0.001;0.24;0.74;4.9;0.15;56;0.1;3.02;3.3;0.046;0.07;1.9;79;0.2;9.4;141.1;0.6
PA-37;992143.3;1104735.3;521.84;Lcc;Productiva;MA250;0.275;6.62;61.3;171;0.5;2.01;7.34;1.39;53.99;17.5;13;0.05;19.5;2.59;15.93;0.01;0.03;0.09;27.2;1;0.13;325;6.54;6.482;2.48;37.1;0.252;9.41;2;0.003;0.84;3.31;6.2;1.4;80;0.2;0.69;12.1;0.081;0.21;2.8;43;0.3;12.3;71.4;0.4
PA-51;992103.351;1104834.08;527.76;Lcc;Productiva;MA250;0.063;7.21;59.2;38;1;3.35;10.16;1.26;8.64;23.1;20;0.3;20.6;2.56;25.23;0.06;0.02;0.51;3.1;3.1;0.53;425;3.24;6.193;1.95;46.5;0.188;5.34;21.3;0.01;0.92;3.38;10.3;1;57;0.1;0.92;10.9;0.075;0.27;3.4;212;0.2;13.8;69.4;2.1
PA-52;992107.150;1104837.92;527.76;Lcc;Productiva;MA250;0.079;5.73;23.2;27;0.5;0.9;5.54;1.77;47.81;14.4;15;0.05;11.7;5.43;14.76;0.09;0.02;0.03;24.4;0.5;1.42;592;0.94;6.769;1.8;22.1;0.051;2.77;0.3;0;1.33;1.25;2.9;0.5;46;0.1;0.4;9.3;0.06;0.03;2.3;21;0.2;11.4;101.4;4.5
PA-53;992110.161;1104837.9;527.76;Lcc;Productiva;MA250;0.109;8.06;44.4;8;0.5;2.2;1.82;0.94;7.35;11.2;12;0.05;17.9;1.89;23.51;2.28;0.01;0.03;2.5;0.8;0.52;221;6.93;8.077;1.76;27.2;0.268;6.19;0.7;0.02;0.62;2.84;1.5;0.4;41;0.1;0.11;13.5;0.056;0.43;3.3;20;0.3;7.4;42.6;91.4
PA-54;992105.187;1104625.74;489.61;Lcc;Productiva;MA250;0.05;4.99;17;528;2;0.42;6.71;2.19;68.3;9.7;9;0.05;11;1.54;14.74;0.05;0.01;0.05;31.4;0.1;1.63;538;2.25;0.5808;3.37;16.5;0.141;2.79;0.8;0;0.45;0.75;4.1;0.4;91;0.2;1.38;5.1;0.112;0.03;1.2;45;0.5;9.3;32;0.5
PA-57;992178.36;1104890.38;547.31;Lcc;Productiva;MA250;0.07;4.06;82.3;117;0.5;1.77;14.09;1.97;41.34;35.2;12;0.05;24.8;3.15;11.01;0.04;0.02;0.08;19.2;2.7;1.68;991;1.6;0.4044;1.51;54.2;0.171;5.06;2.7;0;1.07;4.1;5.2;1.3;59;0.1;2.74;4.9;0.046;0.1;1.9;59;0.2;14.5;91.7;1.7
PA-76;992104.199;1104625.1;490.6;Lcc;Productiva;MA250;0.084;2.57;25.9;164;0.5;0.24;11.85;2.25;62.97;17.4;14;0.05;7.2;2.26;8.74;0.04;0.005;0.06;30.2;0.4;3.76;1191;1.3;3.609;1.69;24.7;0.139;1.75;1.3;0.004;0.63;0.54;5.1;0.5;74;0.1;3.08;3.2;0.05;0.025;0.8;63;0.3;8.3;44.8;1
PA-77;992104.199;1104625.1;490.6;Lcc;Productiva;MA250;0.077;3.25;25.9;141;0.5;0.3;11.71;2.6;9.4;24.3;10;0.05;19.7;2.81;7.28;0.01;0.03;0.05;3.7;5.3;3.06;1415;1.78;3.023;1.47;29.9;0.242;1.95;1.6;0.001;0.69;1.33;4;0.8;130;0.1;3.37;3.1;0.039;0.07;2;52;0.2;10.6;124;0.6
PA-79;992147.980;1104748.13;523.84;Lcc;Productiva;MA250;0.11;3.17;10.5;479;0.5;0.37;15.15;0.62;14.56;5.9;10;0.05;3;1.55;7.23;0.01;0.02;0.09;6.5;1.7;3.83;1287;0.86;29.500;1.97;10.3;0.134;1.54;3.1;0.002;0.29;0.58;6;0.4;98;0.2;4.52;3.1;0.053;0.2;2.5;54;0.3;10.6;113.4;0.7
PA-80;992144.50;1104704.35;526.87;Lcc;Productiva;MA250;0.05;3.19;7.5;476;2;0.08;9.14;0.69;15.05;9.5;12;0.05;2.9;1.59;12.79;0.01;0.005;0.87;7;2.6;3.7;1050;7.18;30.740;3.1;12.5;0.079;0.6;15.1;0.008;0.3;0.33;3.8;0.15;67;0.2;2.88;2.8;0.102;0.18;0.9;107;0.4;6.3;65.6;0.6
PA-83;992142.474;1104723.81;524.72;Lcc;Productiva;MA250;0.213;9.06;92.1;134;3;2.28;2.96;0.88;21.05;15.3;103;0.3;18.5;3.94;40.39;0.02;0.04;1.87;8.5;10.9;0.7;184;4.51;38.290;2.23;50.6;0.221;8.91;42.5;0.003;0.78;3.92;17.9;1;36;0.2;0.14;2.3;0.106;0.37;1;517;0.3;5.2;84.1;1.4
PA-86;992141.633;1104717.64;513.04;Lcc;Productiva;MA250;1.467;1.89;15.9;106;0.5;0.11;15;29.67;34.99;19;10;0.05;21.8;3.15;5.77;0.02;0.03;0.49;16.8;2.5;4.27;931;1.2;11.730;0.97;30.1;0.045;7.5;13.8;0.003;1.94;0.57;7.5;0.5;45;0.05;4.27;3.2;0.03;0.13;1.3;40;6.7;13.9;756.2;1
PA-87;992141.633;1104717.64;513.04;Lcc;Productiva;MA250;0.653;6.78;85.2;373;1;3.54;6.29;16.01;22.77;17.6;14;0.6;36.2;4.1;19.11;0.03;0.04;0.24;10.4;1.6;0.86;345;5.26;47.950;2.05;48.8;0.173;12.79;7.8;0.006;1.12;6.49;5;1.2;64;0.1;0.57;6.1;0.063;0.33;1.5;77;0.5;9.9;590.4;1
PA-88;992146.804;1104744.83;515.92;Lcc;Productiva;MA250;0.184;1.96;49;34;0.5;1.7;16.58;1.36;12.85;17.6;10;0.05;24.6;3.79;7.77;0.03;0.03;0.28;4.8;1;2.55;1191;4.59;17.380;2.42;39.1;0.141;5.39;8.3;0.005;1.14;3.1;4.1;1;71;0.2;3.3;1.7;0.07;0.14;1.8;91;0.4;19.9;153.6;1.3
PA-92;992140.953;1104712.96;505.69;Lcc;Productiva;MA250;0.09;3.23;24.1;55;0.5;0.82;19.56;5.13;42.9;19.2;23;0.03;14.3;3.08;0.01;12.8;80.48;0.24;45.2;0.1;1.93;904;7.43;2.346;10.93;40.6;0.134;6.1;2.18;1.1;3;1.74;16.8;1.18;95;0.2;0.18;6.9;0.062;39.7;3.3;93;0.2;10.5;121.7;0.3
PA-08;992067.0;1104845.6;527.14;Lcc;No productiva;MA250;0.082;2.26;4.5;22;0.5;0.12;17.11;0.55;19.19;3.2;38;0.05;5;1.55;7.82;0.01;0.01;0.19;9.8;2.1;5.5;2018;0.5;2.189;1.03;4.2;0.095;0.49;7.5;0.001;0.1;0.28;13.7;0.15;151;0.05;4.15;2.5;0.032;0.03;0.8;178;0.1;16.5;71.2;0.5
PA-10;992074.600;1104842.6;527.66;Lcc;No productiva;MA250;0.113;3.35;14.4;27;0.5;0.39;13.92;1.33;8.26;15.2;35;0.05;5.3;2.25;8.83;0.01;0.01;0.19;3.8;5.1;6.67;1679;0.7;2.408;1.08;18.3;0.124;1.15;8.5;0.001;0.37;1.02;11.5;0.4;194;0.05;3.46;2.7;0.035;0.05;1.2;157;0.2;10.2;99.4;3.6
PA-11;992078.300;1104841.9;527.76;Lcc;No productiva;MA250;0.067;3.39;10;15;0.5;0.39;10.02;0.26;53.05;9.9;24;0.05;3.9;1.56;11.09;0.01;0.01;0.16;28.7;2.3;4.15;1277;0.63;4.181;1.3;11.6;0.105;1.4;4.9;0.001;0.18;0.56;6.3;0.4;117;0.05;2.8;3.9;0.043;0.17;1;122;0.2;8.7;54.2;1
PA-12;992080.800;1104841.5;527.62;Lcc;No productiva;MA250;0.037;5.49;19.2;9;0.5;1.01;5.9;0.35;47.63;12.1;10;0.05;6.1;1.32;19.07;0.01;0.01;0.06;24.7;1.8;1.83;670;1.48;6.780;3.59;13.9;0.119;2.24;0.9;0.002;0.36;1.31;3.1;0.6;72;0.3;0.93;8.6;0.113;0.22;2.6;44;0.4;6.5;34.1;0.6
PA-13;992083.484;1104840.78;527.76;Lcc;No productiva;MA250;0.08;6.09;50.7;59;0.5;3.09;7.57;1.35;167.03;17;7;0.05;25.2;1.81;15.65;0.01;0.01;0.04;95.3;16.4;0.56;378;4.6;5.766;2.89;33.9;0.3;6.99;0.8;0.006;0.67;3.12;4.5;1.3;88;0.2;0.74;24.1;0.094;0.31;4.8;22;0.4;18.2;67.3;0.8
PA-14;992086.438;1104839.91;527.76;Lcc;No productiva;MA250;0.069;5.52;53.5;11;0.5;3.06;8.15;0.56;17.95;19.3;6;0.05;16.1;2.71;13.91;0.11;0.01;0.02;9;18.3;1.92;704;1.86;5.279;2.04;45.5;0.199;7.05;0.7;0.006;0.94;2.88;4.4;1;77;0.2;0.93;10.3;0.062;0.1;2.5;15;0.3;9.3;78;2.3
PA-15;992089.294;1104839.43;527.76;Lcc;No productiva;MA250;0.074;3.46;25.7;9;0.5;2.03;16.03;1.46;28.73;9.4;7;0.05;15.9;1.28;6.4;0.12;0.01;0.02;13.6;6;0.63;646;1.61;2.752;3.02;20.9;0.206;3.87;0.6;0.001;0.44;2.42;8.4;0.7;93;0.3;1.86;4.4;0.09;0.16;2.4;14;0.4;19.3;121.7;2.4
PA-22;992099.700;1104739.45;597.58;Lcc;No productiva;MA250;0.02;6.86;15.3;9;0.5;0.49;10.75;0.31;103.77;12.8;8;0.05;9.3;1.06;12.99;0.1;0.04;0.02;50.1;0.5;0.46;397;2.8;6.585;4.68;14.9;0.21;1.76;0.05;0.004;0.37;0.72;4.5;0.4;58;0.3;1.89;9.3;0.146;0.025;1.7;23;0.7;17.4;18;4
PA-23;992027.620;1104910.35;643.91;Lcc;No productiva;MA250;0.044;2.99;10;17;0.5;0.67;10.25;0.78;33.2;6.2;16;0.05;7;1.29;8.28;0.01;0.005;0.18;17;2.1;2.95;1223;1.27;3.266;3.22;7.8;0.18;1.21;5.4;0.001;0.2;1.09;4.7;0.4;142;0.2;3.88;2.8;0.11;0.07;1;121;0.6;8;124.7;1.3
PA-25;992299.100;1104945.4;646.06;Lcc;No productiva;MA250;0.022;9.78;12;512;2;0.53;0.2;1.91;222.68;2.4;34;0.7;7.3;0.52;24.24;0.05;0.02;0.98;95.1;11.2;0.07;22;23.9;6.948;9.21;13.4;0.07;2.48;26.3;0.007;0.06;2.26;6.7;0.15;38;0.7;0.025;12.5;0.307;0.37;1.6;127;1.3;3;78.9;1.5
PA-45;992107.462;1104737.52;598.9;Lcc;No productiva;MA250;0.058;3.29;27.8;74;1;1.24;10.97;0.66;52.14;15.4;12;0.05;15.3;2.39;11.92;0.06;0.02;0.05;25.3;0.2;2.62;1034;1.64;4.249;2.74;26.4;0.157;4.16;1.5;0.001;0.85;1.3;4.2;0.4;80;0.2;3.55;5.1;0.087;0.06;1.3;45;0.4;10.4;26;1.4
PA-46;992114.614;1104736.11;598.9;Lcc;No productiva;MA250;0.033;5.51;16.6;23;1;0.5;11.66;0.19;57.38;17.8;14;0.05;12.7;1.53;14.03;0.02;0.01;0.09;28.3;1.6;1.06;529;2.01;5.561;2.7;19.7;0.163;1.53;3.7;0.003;0.56;0.77;6.3;0.6;66;0.2;2.1;7.1;0.084;0.06;1.4;60;0.4;12;14;1.4
PA-47;992091.177;1104835.34;527.76;Lcc;No productiva;MA250;0.062;3.94;16.9;10;0.5;1.43;14.26;0.21;52.85;8.5;8;0.05;11.3;1.27;8.71;0.02;0.01;0.04;27.5;3.9;1.48;812;1.73;4.282;2.76;18.4;0.198;2.95;1.1;0.004;0.4;1.54;5.8;1;84;0.2;2.48;8.7;0.079;0.2;2.9;20;0.4;20.2;34.2;0.6
PA-48;992091.984;1104838.97;527.76;Lcc;No productiva;MA250;0.049;5.12;31.9;17;0.5;2.5;13.74;0.61;186.53;11.6;9;0.05;15.7;1.57;9.73;0.16;0.01;0.03;106.4;6.4;1.32;680;2.29;4.927;4.32;30.3;0.395;3.71;0.7;0.001;0.47;2.38;5.6;1.2;93;0.4;2.12;19.5;0.128;0.17;4.4;20;0.7;24.7;48.9;4.1
PA-49;992097.953;1104837.56;527.76;Lcc;No productiva;MA250;0.064;3.77;23.3;18;0.5;2.11;16.64;0.38;23.3;7.5;20;0.05;21.2;1.67;7.69;0.14;0.02;0.09;10.1;6;3.27;1041;2.39;3.085;2.11;22.6;0.205;3.86;3.9;0.003;0.3;2.29;8.6;0.6;117;0.2;2.94;4.7;0.063;0.11;2.8;77;0.4;22.1;55.1;3.7
PA-50;992101.128;1104837.88;527.76;Lcc;No productiva;MA250;0.073;3.05;16.3;10;0.5;1.26;15.84;0.53;11;4.3;9;0.05;14.8;1.8;7.14;0.09;0.02;0.03;4.5;0.6;4.55;1363;0.93;3.343;1.7;15.1;0.109;1.92;0.6;0;0.23;2.02;5.4;0.3;99;0.1;2.82;3.5;0.054;0.03;1.3;28;0.3;15.2;83.4;2.9
PA-60;992122.398;1104734.44;598.9;Lcc;No productiva;MA250;0.08;3.25;12;16;0.5;0.34;10.95;0.59;9.62;9.6;13;0.05;4.5;1.53;11.18;0.01;0.01;0.14;4.4;1.3;3.97;1223;0.7;4.027;2.28;11.9;0.111;1.41;3.4;0;0.21;0.57;5.4;0.15;90;0.2;5.1;2.6;0.07;0.03;0.9;78;0.3;6.2;71.5;0.6
PA-61;992021.327;1104915.99;643.03;Lcc;No productiva;MA250;0.09;3.18;8.7;22;0.5;0.43;15.35;1.15;12.18;8.2;20;0.05;5.8;1.75;7.38;0.19;0.01;0.19;5.8;5.4;5.7;1730;0.74;2.475;2.07;7.4;0.123;0.78;8.7;0;0.19;0.7;8.7;0.15;179;0.1;7.81;2.7;0.07;0.03;1.2;125;0.3;9.4;131.5;3.2
PA-63;991300.184;1104941.05;645.07;Lcc;No productiva;MA250;0.14;11.58;26.5;217;2;1.58;0.34;2.19;7.17;6.7;57;1.1;14.3;1.02;29.12;0.06;0.02;1.81;2.5;7.9;0.13;46;30.9;6.929;6.31;36.6;0.033;5.2;56.7;0.02;0.09;4.46;12.1;0.15;44;0.5;0.06;5.8;0.229;0.77;1.9;220;0.9;1;122.2;1.7
PA-64;992125.170;1104733.7;597.58;Lcc;No productiva;MA250;0.04;4.57;10.5;32;0.5;0.38;8.84;0.39;22.04;9.8;13;0.05;4;1.19;15.01;0.03;0.01;0.11;10.2;1.2;2.53;776;0.96;5.012;3.33;8.6;0.121;1.72;3.6;0;0.22;0.71;4.9;0.15;62;0.2;2.91;4.4;0.094;0.05;1.3;83;0.4;6.2;37.1;1
PA-65;992128.97;1104732.95;597.58;Lcc;No productiva;MA250;0.08;2.89;8.8;66;1;0.17;11.88;0.44;50.27;6.7;19;0.05;4.2;1.37;11.49;0.01;0.02;0.27;23.7;3.7;3.36;1135;0.58;3.562;1.24;9.3;0.077;1.67;7.1;0;0.27;0.38;7.2;0.15;95;0.05;3.41;2.8;0.035;0.05;0.7;143;0.2;8.4;44.4;0.4
PA-66;992016.511;1104918.31;643.03;Lcc;No productiva;MA250;0.09;3.26;14.4;18;0.5;0.39;15.56;1.71;18.56;14.1;12;0.05;8.3;2.24;7.37;0.12;0.01;0.06;8.3;4.2;4.72;1649;1.02;2.744;2.37;15.2;0.182;1.27;3;0;0.38;0.72;8.1;0.5;140;0.2;4.21;3.3;0.071;0.03;1.8;52;0.5;12.9;227;6.9
PA-71;992108.38;1104621.49;490.6;Lcc;No productiva;MA250;0.084;3.19;7.4;188;1;0.15;13.41;1.05;6.88;6.2;23;0.05;4.9;1.7;10.62;0.08;0.02;0.37;2.9;3.8;4.66;1535;0.65;3.005;1.5;6.2;0.046;0.91;10.9;0.001;0.49;0.41;8.3;0.15;108;0.1;4.38;0.9;0.053;0.025;0.5;160;0.2;6.6;56.5;1.7
PA-73;992141.911;1104726.06;526.87;Lcc;No productiva;MA250;0.149;6.32;29.4;444;0.5;1.16;14.07;1.37;134.43;10.3;17;0.05;10;1.11;17.25;0.56;0.01;0.08;62.2;6.9;0.38;522;3.25;5.572;5.12;22.3;0.271;4.32;1.5;0.003;0.45;1.89;6.9;0.7;74;0.4;2.43;11.1;0.147;0.17;3;78;0.7;17.1;77.8;24.4
RC-002636;992794.0.6;1103571.71;567.31;Lcc;No productiva;ME-MS61;1.45;10.2;52.6;870;3.8;0.27;1.92;21.1;55.3;14.7;151;8.13;86.2;3.16;25.3;0.1;0.065;1.79;27.9;49.5;0.52;217;83.2;0.98;11.6;156.5;1040;20.2;116.5;0.059;2.6;56;16.4;34;654;0.76;0.1;9.99;0.34;5.56;5.4;632;1.6;8.1;531;3.9
RC-002637;992788.0.45;1103570.72;565.78;Lcc;No productiva;ME-MS61;1.66;10.35;71.9;820;3.52;0.3;2.24;17.55;54.8;14.6;151;8.8;86.4;3.41;25.2;0.2;0.05;1.84;26.7;51.5;0.39;139;64.6;0.96;12.7;164.5;1070;21.5;111;0.031;3.33;65.3;16.2;39;694;0.79;0.1;10.2;0.371;5.3;3.8;624;1.9;6.9;308;4.5
RC-002638;992781.0.93;1103569.58;564.1;Lcc;No productiva;ME-MS61;1.45;9.29;52.9;800;2.78;0.25;4.73;14.25;55.9;9.6;146;8.55;92.5;2.98;23.4;0.1;0.05;1.66;27.4;47.6;0.45;151;74.3;0.9;12.3;136.5;1210;21.2;91.1;0.036;2.67;58;15.2;35;648;0.76;0.09;9;0.344;4.81;5.6;572;1.6;8;349;4.4
RC-002639;992776.0.55;1103568.63;562.55;Lcc;No productiva;ME-MS61;1.54;9.62;62.5;830;2.98;0.27;4.65;11.9;57.3;12.5;143;8.94;79.9;3.26;23.9;0.1;0.047;1.75;28.6;47.6;0.56;181;64.6;0.9;13.8;152;1240;19.2;96.5;0.027;2.76;59.3;16.5;33;631;0.89;0.09;11.55;0.38;4.7;4.9;644;1.9;8.3;302;4.5
RC-002641;992770.0.51;1103567.56;560.9;Lcc;No productiva;ME-MS61;1.67;9.63;72.4;410;2.96;0.33;3.13;9.54;52.3;12.6;130;10.15;84.7;3.21;28.5;0.1;0.035;1.85;24.2;49.4;0.19;116;60.2;0.83;13.7;159;960;24.1;105;0.028;3.49;68.1;16.2;38;673;0.83;0.12;9.22;0.388;5.27;3.2;740;1.7;6.3;233;3.9
RC-002642;992765.0.9;1103566.75;559.65;Lcc;No productiva;ME-MS61;1.65;8.95;66.9;520;2.53;0.29;4.04;16.9;57.8;11.6;144;10;102;2.63;25.9;0.2;0.065;1.79;26.3;41.1;0.21;124;107;0.75;13;155.5;1010;21.8;96.6;0.044;2.76;62.8;15.8;34;587;0.79;0.11;9.23;0.373;5.93;6.3;771;1.6;7.1;422;4.9
RC-002643;992764.0.33;1103566.47;559.22;Lcc;No productiva;ME-MS61;1.24;9.35;84;290;2.2;0.24;5.93;11.75;70.5;14.7;123;9.43;92.7;4.84;24.4;0.2;0.048;1.75;35.5;35.1;0.65;176;108;0.69;11.8;150;1180;17.5;114.5;0.038;4.69;60.9;15.8;41;520;0.75;0.09;10.25;0.341;5.7;9.7;872;1.6;11.2;354;5.5
RC-002644;992763.0.5;1103566.25;558.87;Lcc;No productiva;ME-MS61;1.33;9.9;87.7;450;3;0.31;4.32;8.74;49.1;17.3;127;11.1;75.6;3.62;30;0.1;0.045;2.07;22.4;44.4;0.3;134;70.6;0.75;16.7;166;1510;20.5;117.5;0.033;3.78;64;18.7;42;578;1.06;0.11;11.4;0.42;6.4;4.6;946;2.2;8.6;228;3.9
RC-002455;992794.0.53;1103571.8;558.17;Lcc;No productiva;ME-MS61;0.9;4.33;350;50;2.49;0.19;0.52;271;17.6;93.7;53;3.7;300;25.4;11.05;0.1;0.095;0.87;8.6;13.5;0.06;1780;78.9;0.3;4.4;456;840;20;65.2;0.032;10;130.5;8.6;109;191;0.3;0.08;4.33;0.123;3.57;6.2;460;1;21.1;3700;3.2
RC-002456;992789.0.34;1103570.88;552.9;Lcc;No productiva;ME-MS61;1.1;7.89;91.9;210;2.53;0.22;4.05;62;57.3;18.4;157;7.14;146;4.53;20.6;0.1;0.066;1.56;29.3;23.4;0.39;306;108.5;0.53;10;183.5;1390;17;111.5;0.046;3.95;52.5;12.9;63;380;0.65;0.1;9.59;0.282;5.59;8.8;820;1.4;11.9;922;3.8
RC-002457;992782.0.73;1103569.72;546.19;Lcc;No productiva;ME-MS61;0.95;7.63;98.2;400;2.09;0.21;6.11;33.6;60.9;16.8;131;7.78;174;3.34;20.6;0.1;0.074;1.68;30.1;18.1;0.39;237;142;0.46;9.8;177;1670;15.6;110;0.058;2.92;53.2;13;47;335;0.62;0.1;9.41;0.272;6.66;13.5;1120;1.5;13.7;775;4.5
RC-002458;992779.0.42;1103569.13;542.83;Lcc;No productiva;ME-MS61;0.96;7.69;89.6;200;2.28;0.22;7.3;22.1;50;14.2;97;7.42;79.3;4.16;19.75;0.2;0.061;1.55;24.1;24.1;0.24;264;95.2;0.52;9.9;162;1300;14.1;103;0.039;4.03;56.9;11.9;33;423;0.63;0.08;8.98;0.275;5.32;9.8;715;1.4;13.5;659;5.6
RC-002459;992777.0.3;1103568.76;540.67;Lcc;No productiva;ME-MS61;0.23;2.09;27.5;350;0.58;0.06;22.9;5.14;19;12.5;26;1.57;22.6;5.21;5;0.2;0.036;0.39;9.2;7.2;1.77;510;29.7;0.16;2.3;52.5;500;3.5;29.8;0.013;3.1;13.15;4.7;18;355;0.16;0.025;2.21;0.067;1.26;3.6;189;0.3;16.6;186;6
RC-002461;992774.0.83;1103568.32;538.17;Lcc;No productiva;ME-MS61;0.92;8.15;63.2;220;2.44;0.24;8.83;10.75;51.4;11.2;97;7.79;47.7;4.45;21.4;0.2;0.056;1.54;25.1;33.1;0.29;181;67.5;0.65;11.6;134.5;1340;14.3;98.3;0.035;4.58;56.3;12.9;24;534;0.77;0.06;10.05;0.327;4.59;6;563;1.5;13.1;234;6.1
RC-002462;992771.0.39;1103567.72;534.67;Lcc;No productiva;ME-MS61;0.66;6.22;29.9;550;1.9;0.14;16.1;7.97;72.1;10.2;74;5.32;32.1;2.7;15.15;0.4;0.04;1.13;36.8;22.3;0.58;467;53.3;0.47;8.4;119;750;7.5;86.2;0.027;1.42;31.6;10.3;15;520;0.54;0.05;8.22;0.232;3.24;4.7;439;1;17.1;580;11.2
RC-002463;992768.0.29;1103567.17;531.53;Lcc;No productiva;ME-MS61;0.59;5.72;47.7;520;1.7;0.16;16.55;10.45;46.4;6;79;5.05;44.7;2.77;13.35;0.2;0.042;1.09;23.9;22.4;0.74;304;57.2;0.4;6.9;96.1;890;9.1;82.7;0.033;1.92;35.9;9.9;18;434;0.47;0.05;7.01;0.201;3.47;5.7;514;1;15.4;201;5.6
RC-002464;992764.0.97;1103566.58;528.16;Lcc;No productiva;ME-MS61;0.77;7.45;73.5;300;2.04;0.2;8.46;27.7;53;8.6;112;7.11;259;2.74;17.75;0.2;0.067;1.58;26.7;20.3;0.43;188;156;0.45;9.1;142;1290;12.2;119.5;0.044;2.44;46.6;12.8;28;334;0.61;0.08;8.94;0.26;5.65;17.7;1040;1.5;11;502;5.1
RC-002465;992762.0.76;1103566.19;525.91;Lcc;No productiva;ME-MS61;0.81;6.71;95.7;150;1.72;0.21;9.72;30.1;59.2;11.6;125;6.73;163.5;4.22;15.9;0.1;0.086;1.44;31.5;16.8;0.61;288;153.5;0.37;8.3;155.5;1290;12.5;109.5;0.039;3.56;54.7;11.7;43;304;0.54;0.09;8.64;0.231;5.5;17.7;1010;1.3;11.8;679;5
RC-002466;992760.0.48;1103565.79;523.6;Lcc;No productiva;ME-MS61;0.64;6.7;64.2;350;1.72;0.19;9.42;23;53.7;6.8;109;6.67;89.1;2.7;16.4;0.6;0.077;1.45;27.6;16.5;0.59;213;121;0.38;8.3;122.5;1410;11.3;112.5;0.042;2.1;38.8;11.6;23;300;0.56;0.09;8.47;0.234;5.17;17.4;1040;1.4;13.5;712;10.5
RC-002467;992757.0.73;1103565.31;520.8;Lcc;No productiva;ME-MS61;0.8;7.87;54.4;400;2.42;0.26;6.34;15.7;65.6;7.7;107;7.43;49.8;2.67;19.9;0.1;0.061;1.61;31.7;30.7;0.3;160;112.5;0.65;11.4;137;1600;13.4;80.8;0.032;2.56;48.7;12.7;18;448;0.73;0.07;9.06;0.311;4.86;9.7;694;1.5;10.1;351;4
RC-002468;992755.0.39;1103564.9;518.43;Lcc;No productiva;ME-MS61;0.52;6.03;34.5;520;1.69;0.17;15.45;7.93;47.7;6.9;71;5.33;25.2;2.93;13.9;0.4;0.054;1.07;24.5;24.2;0.81;294;58.2;0.5;7.4;89.5;770;8.1;81.8;0.027;1.85;31.3;10.3;14;435;0.49;0.025;7.56;0.209;3.12;5.8;447;1.1;16.3;195;10.2
RC-002469;992753.0.97;1103564.64;516.98;Lcc;No productiva;ME-MS61;0.72;7.43;31.2;620;1.64;0.19;12.45;14.75;70;6.3;79;6.16;126.5;2.39;17.55;0.2;0.071;1.28;36.2;34.4;0.55;242;48.7;0.67;9.1;87.7;740;8.8;93.8;0.031;1.5;34.9;13.2;16;621;0.61;0.06;9.32;0.264;3.42;4.5;525;1.3;9.1;740;6.7
RC-002470;992752.0.89;1103564.45;515.89;Lcc;No productiva;ME-MS61;0.9;9.01;35.3;730;3.19;0.27;4.14;9.97;36.1;9;100;8.85;39.2;2.2;25.3;0.1;0.043;1.68;16.4;62.6;0.21;117;73.1;0.96;14.8;107;1040;12.4;82.1;0.031;2.17;49.2;15;12;714;0.97;0.07;8.31;0.403;4.42;4.3;515;1.8;4.9;182;4.3
RC-002471;992749.0.79;1103563.91;512.74;Lcc;No productiva;ME-MS61;0.73;8.54;31.3;620;2.4;0.22;7.03;7.74;65.7;9.4;85;6.9;31.6;4.22;20;0.2;0.031;1.3;32.3;54.1;1.43;256;46.5;0.86;12;89.7;940;11;70.3;0.022;2.98;41.9;14.1;12;645;0.76;0.025;11.3;0.331;3.33;4.1;351;1.4;9.4;183;5.9
RC-002472;992747.0.42;1103563.49;510.34;Lcc;No productiva;ME-MS61;0.45;5.04;27.2;360;0.97;0.12;14.8;5.16;23.4;10.1;43;3.14;22.6;6.63;11.05;0.2;0.023;0.77;11.6;28.6;3.78;544;12.45;0.53;6.3;53.7;430;7.1;57.8;0.009;3.32;24.5;8.9;12;449;0.42;0.025;5.85;0.175;1.97;1.3;202;0.7;16.9;171;5.8
RC-002473;992744.0.84;1103563.4;507.72;Lcc;No productiva;ME-MS61;0.9;8.04;33;610;2.24;0.22;10.7;6.57;74;6.8;91;6.54;36;3.13;18.65;0.2;0.038;1.27;38;44.7;0.73;231;52.5;0.74;10.8;84.7;960;12.9;92.6;0.03;2.42;45.6;13;18;613;0.7;0.06;11.05;0.294;3.61;5.3;435;1.3;14;167;5.8
RC-002474;992741.0.32;1103562.41;504.14;Lcc;No productiva;ME-MS61;0.96;8.12;39.7;370;2.44;0.22;5.03;5.74;57.5;7.6;87;6.46;37.1;3.23;20;0.1;0.041;1.37;26.9;47.1;0.38;154;75.8;0.78;11.3;94.8;1050;14.5;74.1;0.021;3.07;53.2;14.3;15;588;0.72;0.06;8.98;0.313;3.87;4.8;455;1.3;6.4;154;3.8
RC-002475;992739.0.2;1103562.1;501.81;Lcc;No productiva;ME-MS61;1.32;8.37;68.9;200;2.77;0.31;6.03;4.37;76.6;11;95;6.81;54.7;4.86;20.7;0.1;0.032;1.34;36.6;56.5;0.4;170;48.3;0.81;12.7;121;1230;17.5;73.1;0.024;4.86;67.2;14.3;23;664;0.84;0.06;11.9;0.341;3.71;3.4;353;1.5;8.3;127;3.9
RC-002476;992735.0.48;1103561.38;498.21;Lcc;No productiva;ME-MS61;1.07;7.59;62.1;350;2.33;0.23;8.11;8.8;62.9;7.6;113;6.72;54.3;3.4;18.5;0.1;0.06;1.43;30.5;33.6;0.53;181;95.5;0.62;10.7;128;1080;12.9;86.4;0.039;3.09;56.2;13.5;29;471;0.68;0.1;9.32;0.291;4.77;8.2;688;1.4;11.9;208;4.7
RC-002477;992731.0.37;1103560.66;494.4;Lcc;No productiva;ME-MS61;1.44;7.48;94.7;180;2.25;0.26;5.68;15.7;51.1;7.8;161;7.85;98.8;3.21;19.35;0.1;0.074;1.63;24.5;26;0.24;135;160.5;0.53;10.9;170.5;1510;15.5;91.4;0.055;3.32;68.4;13.9;46;375;0.7;0.12;8.44;0.296;6.18;14.2;1060;1.6;9.7;341;3.9
RC-002478;992729.0.21;1103560.28;491.85;Lcc;No productiva;ME-MS61;0.53;5.13;59.4;520;1.09;0.12;14.5;20.8;29.1;4.6;105;5.56;183.5;2.89;12.25;0.3;0.112;1.17;14;9.3;1.03;328;151;0.23;5.8;110;1300;7.5;94.5;0.069;1.7;32;10.5;27;253;0.4;0.06;6.54;0.169;5.56;19.5;1000;1;16.3;947;7.5
RC-002479;992728.0.25;1103560.11;490.87;Lcc;No productiva;ME-MS61;1.24;7.79;91.6;320;2.48;0.23;7.13;19.25;52.1;8.2;149;7.47;90.7;3.01;19.95;0.1;0.089;1.75;24.9;24.3;0.3;184;129.5;0.48;11.1;162;1280;14.1;86;0.056;2.99;64.6;13.5;44;381;0.69;0.11;8.33;0.312;6.51;12.6;1220;1.5;10.5;437;4.1
RC-002481;992727.0.52;1103559.98;490.13;Lcc;No productiva;ME-MS61;0.76;3.22;161.5;100;0.92;0.12;21.2;11.95;16.6;15.6;82;2.56;165;6.39;7.31;0.1;0.089;0.62;8;10.7;0.83;396;43.2;0.21;3.1;163;760;7.6;48.3;0.03;5.69;40.8;6.9;67;295;0.2;0.07;3.36;0.093;2.55;4.9;462;0.5;14.5;398;5
RC-002482;992727.0.9;1103559.91;489.69;Lcc;No productiva;ME-MS61;1.71;8.23;129;170;2.43;0.27;5.04;18.95;45.9;12.5;197;9.54;108;3.86;22;0.2;0.076;1.87;22.3;27.2;0.18;128;126;0.54;13.2;206;1130;17.7;104.5;0.074;4.21;82.4;14.2;68;395;0.78;0.14;8.75;0.351;6.99;16.1;1180;1.9;6.8;364;4.8
RC-002483;992726.0.29;1103559.76;488.88;Lcc;No productiva;ME-MS61;1.46;7.81;119;160;2.79;0.29;5.92;12.5;56.4;9.6;148;8.19;80.9;3.64;20.9;0.1;0.074;1.71;25.8;29.9;0.14;128;98.1;0.56;11.6;193.5;1440;16.7;96;0.053;4.07;89.3;13.7;56;410;0.73;0.13;8.77;0.319;6.47;10.3;1100;1.7;10;271;4
RC-002484;992725.0.56;1103559.63;488.13;Lcc;No productiva;ME-MS61;0.67;5.47;53.6;400;1.38;0.11;12.45;30.6;45.6;5;126;5.78;747;2.3;12.75;0.4;0.18;1.19;23.5;12.3;0.28;280;114.5;0.29;5.8;171;1310;7.8;93.3;0.07;1.65;33.5;11;33;275;0.39;0.06;6.71;0.181;5.54;19.9;931;0.9;16.5;1170;7.2
RC-002485;992724.0.23;1103559.4;486.79;Lcc;No productiva;ME-MS61;1.66;7.74;91.6;190;2.54;0.25;6;11.25;48.6;7.4;203;7.12;78.2;3.52;18.85;0.1;0.072;1.54;24.5;28.9;0.31;137;116.5;0.54;9.2;187;1450;17.9;91.6;0.062;3.59;74;14.1;64;411;0.57;0.12;8.02;0.271;5.63;11.3;881;1.3;10;422;4.1
RC-002486;992722.0.35;1103559.7;484.88;Lcc;No productiva;ME-MS61;1.08;4.97;71.9;190;1.4;0.14;15.6;9.84;40;9.4;146;4.45;65;4.34;11.1;0.2;0.074;0.96;22.4;16.7;0.72;297;66.9;0.32;5;129;1200;9.9;73.4;0.053;3.7;45;9;54;346;0.32;0.1;5.47;0.163;4.03;9.3;608;0.7;15.3;262;7.3
RC-002487;992720.0.47;1103558.74;482.97;Lcc;No productiva;ME-MS61;1.46;7.33;85.6;180;2.33;0.2;5.73;14;34.9;7.1;195;7.09;101;3.2;18.2;0.1;0.061;1.6;17.6;23.8;0.17;113;128.5;0.48;8;162;1580;14.4;85.1;0.068;3.44;64.4;12.3;57;365;0.55;0.12;7.27;0.258;6.33;13;1080;1.2;9.5;323;4.4
RC-002488;992718.0.52;1103558.39;480.99;Lcc;No productiva;ME-MS61;0.94;3.21;43.7;350;0.86;0.1;22.2;5.62;18.3;5.1;110;2.66;61;2.81;7.59;0.2;0.062;0.67;10.3;8.4;0.68;350;46.3;0.19;3.2;95.5;550;6.4;52;0.049;1.96;28.7;6.7;38;285;0.22;0.08;3.38;0.1;2.83;6.3;508;0.6;15;221;4.7
RC-002489;992716.0.85;1103558.1;479.3;Lcc;No productiva;ME-MS61;1.34;5.2;67.7;240;1.61;0.14;14.6;7.9;36.2;5.7;136;4.93;75;3.08;12.25;0.3;0.071;1.05;21.1;15.5;0.28;236;82.9;0.31;5;128;960;12.2;82;0.061;2.9;50.1;9.3;52;317;0.33;0.1;5.62;0.156;4.46;9.8;790;0.9;11.6;258;9
RC-002490;992715.0.32;1103557.83;477.74;Lcc;No productiva;ME-MS61;1.64;6.97;70.9;300;2.51;0.18;6.69;14;43.3;6.7;187;6.58;82;2.82;17.1;0.1;0.099;1.43;22.8;24.6;0.28;162;115.5;0.45;7.3;151;1530;18.3;93.7;0.076;2.78;64.2;12;60;370;0.5;0.11;7.33;0.234;6.32;14.4;1040;1.2;11.1;541;4.1
RC-002491;992713.0.58;1103557.52;475.97;Lcc;No productiva;ME-MS61;1.71;7.38;103;140;2.53;0.24;6.82;25.7;54.7;9.7;172;7.16;124.5;4.05;17.05;0.7;0.134;1.4;29.4;26.8;0.5;187;101.5;0.47;8.3;186;1420;20.6;111;0.063;4.01;71.4;12.8;68;396;0.54;0.12;8.72;0.248;5.59;12.5;942;1.2;12.9;1500;22.1
RC-002492;992710.0.76;1103557.3;473.11;Lcc;No productiva;ME-MS61;1.19;7.32;91.3;250;2.13;0.22;7.43;46.1;62.3;7.6;137;7.34;133.5;3.13;18.15;0.2;0.22;1.46;32.1;24.8;0.39;172;141;0.47;9.9;165;1510;11.9;104.5;0.057;3.05;59.3;13.1;44;377;0.62;0.11;8.91;0.273;5.83;15.6;1080;1.4;10.5;2660;3.6
RC-002493;992707.0.62;1103556.47;469.93;Lcc;No productiva;ME-MS61;1.24;7.54;47.3;260;2.14;0.23;6.98;13;62.9;9.4;85;6.01;45.3;3.58;18.15;0.1;0.043;1.22;30.6;44.8;0.52;163;57;0.67;10.8;91.9;970;14.2;75.4;0.025;3.5;54.6;12.7;17;573;0.69;0.06;9.5;0.295;3.8;4.6;435;1.3;9.2;526;4.1
RC-002494;992703.0.97;1103555.83;466.21;Lcc;No productiva;ME-MS61;1.09;8.25;38.8;460;2.31;0.23;8.77;13.05;74.7;8.4;85;6.84;41.6;3.38;19.6;0.2;0.043;1.29;37.9;48.6;0.83;189;52.7;0.7;11.5;88.1;920;12.6;93.9;0.027;2.93;47.7;14;15;622;0.73;0.05;11.3;0.314;3.85;5.3;454;1.4;12.3;598;4.8
RC-002495;992700.0.19;1103555.16;462.38;Lcc;No productiva;ME-MS61;0.81;6.49;75.5;250;1.8;0.19;10.45;61;54;6.9;108;6.5;90.1;2.65;15.35;0.5;0.09;1.29;28.9;17.9;0.47;177;137;0.35;7.6;131.5;1420;10.6;104;0.042;2.5;42;10.9;31;332;0.5;0.06;7.95;0.218;5.43;17.8;1020;1.3;12.6;3090;9.1
RC-002496;992698.0.47;1103554.86;460.63;Lcc;No productiva;ME-MS61;1.04;7.22;100.5;390;2.06;0.21;6.73;83.4;44.7;7.4;117;7.59;95.2;2.34;18;0.1;0.114;1.53;23.7;20.2;0.3;128;153.5;0.38;9.6;154.5;1220;12.4;109;0.046;2.45;43.9;12.2;35;353;0.61;0.11;7.84;0.27;6.26;15.5;1400;1.6;6.9;4300;4.4
RC-002497;992696.0.61;1103554.53;458.74;Lcc;No productiva;ME-MS61;0.96;6.91;54.8;470;1.96;0.19;13.5;31.9;57;7;100;5.98;66.8;2.67;17.05;0.4;0.052;1.22;30.9;26.8;0.51;203;69.8;0.45;9;113;1010;10.6;96.6;0.037;2.44;47.6;10.9;24;500;0.57;0.07;8.09;0.248;4.32;8.4;634;1.1;14.5;1640;9.9
RC-002498;992693.0.7;1103554.2;455.78;Lcc;No productiva;ME-MS61;0.88;6.62;65.5;330;1.68;0.18;12.35;33.5;49.1;6.5;87;5.99;58;2.89;15.75;0.2;0.043;1.2;26.2;21.9;0.53;193;85.6;0.39;8.1;119.5;1110;11;92.4;0.034;2.64;57.1;10;23;424;0.5;0.07;7.37;0.224;4.67;12.6;656;1.1;12.3;1690;12.7
RC-002499;992692.0.44;1103553.8;454.51;Lcc;No productiva;ME-MS61;1.01;6.25;91.9;230;1.31;0.18;10.8;101;41.2;7.4;127;6.72;141;2.92;15.5;0.3;0.132;1.3;22.5;10.5;0.47;163;178;0.27;7;159;1700;12.5;103.5;0.049;2.93;57.2;10.3;52;276;0.44;0.1;7.15;0.192;6.8;26.6;1190;1.2;12.3;4980;5.6
RC-002501;992690.0.46;1103553.45;452.5;Lcc;No productiva;ME-MS61;1.25;7.66;98;190;1.86;0.21;8.47;62.6;63.7;9.2;136;7.58;119.5;3.35;18.9;0.1;0.085;1.47;34.5;22.3;0.46;152;125;0.41;11;160.5;1310;14;115.5;0.041;3.44;66.2;12.2;47;403;0.67;0.11;8.94;0.291;5.88;13.4;900;1.5;11.3;2790;4.7
RC-002502;992686.0.8;1103552.8;448.78;Lcc;No productiva;ME-MS61;1.32;8.18;63.3;380;2.12;0.21;10.2;30.4;61.7;8.7;114;7.72;63.7;3.13;20.2;0.2;0.055;1.45;33;30.3;0.65;190;88.3;0.51;9.9;123.5;1020;14.1;109;0.037;3;60.4;12.5;30;542;0.61;0.09;8.86;0.279;5.36;9.3;657;1.3;12.5;1330;5.7
RC-002503;992683.0.32;1103552.19;445.25;Lcc;No productiva;ME-MS61;1.47;8.47;67.9;300;2.23;0.23;6.58;31.1;58.8;10.7;107;8.1;74.7;3.62;21.6;0.1;0.055;1.49;30.1;36.5;0.64;154;91.8;0.56;12.5;128;1180;16.1;99.2;0.033;3.71;68.6;14.1;29;530;0.74;0.06;9.75;0.329;5.33;8.2;671;1.5;7.5;1360;4.5
PA-00;992143.800;1104728.5;525.87;Veta;Productiva;AQ252;0.026;0.22;10.5;191.7;0.05;0.22;33.02;1.67;2.5;2.2;1.6;0.01;8.24;0.94;0.6;0.01;0.01;0.005;0.8;0.2;0.25;783;0.76;0.19;0.03;2.6;0.021;4.18;0.2;0.001;0.73;0.21;49.7;0.05;61.8;0.025;0.01;0.05;0.0005;0.01;1.3;4;0.05;44.09;40.2;0.1
PA-02;992143.800;1104728.6;525.87;Veta;Productiva;AQ252;0.225;0.06;76.2;16.3;0.3;2.36;2.7;1.64;28.4;15.8;2.1;0.01;22.04;4.45;0.3;0.01;0.01;0.005;13.7;0.3;0.42;162;4.46;0.04;0.02;46.2;0.234;9.73;0.2;0.004;4.82;3.39;2.4;1.4;11.2;0.025;0.15;3.9;0.0005;0.09;1;1;0.05;7.56;84.6;0.05
PA-03;992131.500;1104689.1;523.99;Veta;Productiva;AQ252;0.048;0.04;9;125.3;0.2;0.36;16.01;0.5;17.8;3.7;2.4;0.02;4.33;1.45;0.1;0.01;0.01;0.005;8.5;0.9;3.88;1100;1.36;0.019;0.01;10.2;0.132;2.94;0.4;0.002;0.37;0.52;6.3;0.05;51;0.025;0.01;0.9;0.0005;0.04;0.7;5;0.05;16.52;97.7;0.05
PA-05;992102.200;1104740.5;515.58;Veta;Productiva;AQ252;0.038;0.04;11.7;86.1;0.3;0.36;7.11;0.91;9.6;4.1;2.7;0.01;3.55;1.17;0.2;0.01;0.01;0.005;4.4;0.2;2.33;609;2.86;0.04;0.01;10.8;0.163;2.01;0.05;0.0005;0.55;0.51;3.9;0.05;25.9;0.025;0.01;1.8;0.0005;0.02;1.1;4;0.05;7.97;77.3;0.05
PA-07;992176.900;1104890;542.74;Veta;Productiva;MA250;0.059;6.69;40.4;11;1;2.36;9.16;0.67;13.27;11;14;0.05;10.2;1.45;17.43;0.08;0.02;0.08;5.8;0.7;1.38;653;3.18;6.740;2.39;22.8;0.18;4.95;2.3;0.005;0.43;2.31;5.5;0.6;71;0.2;1.58;8.2;0.076;0.11;2.4;66;0.4;12.7;32.9;3.6
PA-26;992150.116;1104751.49;519.84;Veta;Productiva;MA250;0.026;0.18;1.7;141;48;0.02;36.06;0.96;11.95;0.4;1;0.05;1.9;0.43;0.7;0.01;0.02;0.005;5.8;0.4;0.51;895;0.13;0.127;0.14;0.05;0.018;2.45;0.2;0.002;0.24;0.07;33.6;0.4;116;0.05;3.33;0.3;0.003;0.03;0.8;5;0.2;52.7;41.6;0.1
PA-27;992150.116;1104751.49;519.84;Veta;Productiva;MA250;0.035;0.43;4.3;49;6;0.07;34.19;2.54;35.5;1.3;2;0.05;2.9;0.49;1.46;0.01;0.02;0.03;18.7;0.3;0.63;845;1.43;0.273;0.33;2.4;0.025;1.38;1.3;0.005;0.38;0.14;28.6;0.6;87;0.05;3.62;1.6;0.009;0.03;2.9;8;0.05;37.9;34.8;0.1
PA-31;992132.547;1104684.67;522.09;Veta;Productiva;MA250;0.224;2.75;234.7;35;9;0.45;13.84;5.85;91.81;65;19;0.2;16.7;10.32;7.79;0.08;0.01;0.18;45.6;1.8;3.51;644;2.76;1.892;0.52;192.8;0.064;3.69;9.6;0.002;2.36;1.15;24.4;3.4;78;0.05;1.73;1.9;0.018;0.08;2.6;58;0.1;17.2;390;0.6
PA-32;992132.547;1104684.67;522.09;Veta;Productiva;MA250;0.051;0.8;8.3;43;0.5;0.18;34.77;2;26.08;4.6;1;0.05;2.7;0.73;2.37;0.01;0.01;0.01;8.8;0.5;0.23;1006;0.37;0.575;0.53;7;0.08;4.44;0.5;0.002;0.78;0.34;16.9;1.5;139;0.05;4.44;1.6;0.013;0.03;2;3;0.2;240.4;34.6;0.7
PA-35;992143.3;1104735.3;521.84;Veta;Productiva;MA250;0.054;0.82;1;104;0.5;0.11;30.62;2.02;4.32;0.8;6;0.05;4.1;0.63;2.87;0.01;0.01;0.09;1.5;0.6;1.29;949;0.35;0.483;0.52;1.8;0.02;3.02;3.9;0.001;0.18;0.2;21.3;0.4;267;0.05;3.34;0.7;0.016;0.03;1.3;47;0.05;42.6;54.9;0.1
PA-39;992148.945;1104712.24;514.81;Veta;Productiva;MA250;0.154;0.22;11.4;14;0.5;0.02;29.92;4.48;52.26;2.6;2;0.1;3.7;1.43;0.76;0.01;0.02;0.01;24;0.9;0.94;929;0.18;0.163;0.36;7.4;0.003;2.25;0.7;0.005;1.02;0.14;25.3;0.7;77;0.05;5.79;1.1;0.008;0.025;0.8;5;0.1;58.2;38.1;0.2
PA-55;992105.417;1104625.3;489.61;Veta;Productiva;MA250;0.12;0.72;4.4;96;17;0.04;28.64;3.27;40.29;1.6;6;0.1;3.2;1.54;2.62;0.03;0.03;0.08;16.7;1.2;4.26;1130;0.35;0.477;0.47;2.8;0.017;1.22;3.6;0;0.18;0.23;77.6;0.9;297;0.05;8.68;0.5;0.013;0.03;0.2;31;0.1;135.3;21.1;0.1
PA-58;992177.668;1104889.4;547.31;Veta;Productiva;MA250;0.05;0.56;8.6;80;0.5;0.19;38.72;3.41;109.87;1.2;2;0.05;4.3;0.53;2.15;0.01;0.03;0.02;60.6;3;0.49;1349;0.49;0.376;0.93;2.2;0.025;6.8;1;0.01;0.14;0.35;23.4;0.7;99;0.05;6.84;2.6;0.024;0.03;2;21;0.2;91.4;77.8;0.1
PA-74;992141.911;1104726.06;526.87;Veta;Productiva;MA250;0.075;0.65;3.2;78;0.5;0.06;32.74;1.26;11.16;1;3;0.05;2.3;0.69;2.13;0.01;0.02;0.04;4.7;3;1.53;992;0.31;0.446;0.6;1.8;0.042;1.43;1.6;0.005;0.13;0.22;41.9;0.15;163;0.05;8.56;0.7;0.015;0.025;1.5;31;0.1;31.9;53;0.2
PA-75;992104.199;1104625.1;490.6;Veta;Productiva;MA250;0.096;0.17;0.2;95;0.5;0.02;25.38;10.27;54.64;0.6;4;0.05;7.7;1.32;0.74;0.01;0.02;0.01;19.7;1.1;3.69;1087;0.12;0.125;0.19;4.7;0.007;0.95;0.7;0.003;0.1;0.22;61.8;0.8;485;0.05;6.69;0.3;0.004;0.025;0.1;21;0.1;131.8;34.8;0.4
PA-78;992147.980;1104748.13;523.84;Veta;Productiva;MA250;0.054;0.79;3.6;48;0.5;0.12;33.13;1.33;8.8;1.5;2;0.05;8;0.53;2.26;0.02;0.01;0.05;4;1.6;0.63;832;0.46;0.542;1.25;3.1;0.042;1.74;2.2;0.004;0.23;0.38;17.5;0.6;154;0.05;6.86;0.6;0.034;0.025;1.1;26;0.2;123.9;51.8;0.3
PA-81;992144.50;1104704.35;526.87;Veta;Productiva;MA250;0.079;1.16;15.6;57;0.5;0.02;29.66;1.32;110.19;6.7;3;0.05;1.6;3.38;2.91;0.01;0.08;0.02;40.7;0.8;0.62;1052;0.9;0.887;1.03;14.4;0.012;2.02;0.8;0.002;1.9;0.09;8.1;1.2;93;0.05;4.6;1.4;0.025;0.025;1;8;0.1;76.4;22.6;0.5
PA-84;992142.474;1104723.81;524.72;Veta;Productiva;MA250;0.054;0.02;0.1;143;2;0.02;36.83;1.09;684.06;0.1;1;0.05;1;0.25;2.9;0.08;0.005;0.01;355.1;0.2;0.36;1150;0.13;0.021;0.15;0.05;0.001;0.7;0.1;0.008;0.05;0.05;20.9;3.8;175;0.05;7.17;21.5;0.001;0.025;0.1;1;0.2;450.3;14.6;1.1
PA-85;992141.633;1104717.64;513.04;Veta;Productiva;MA250;1.243;5.67;38;324;2;0.24;7.61;3.56;59.36;18.4;40;0.2;20.6;3.3;14.8;0.13;0.03;1.28;28.8;1.7;1.46;605;27.53;32.460;2.13;56.3;0.066;3.7;22.6;0.011;1.18;5.03;8.5;5.4;56;0.2;1.08;5.3;0.075;0.55;1.9;258;11.9;8.7;610.7;1.2
PA-91;992141.875;1104694.86;515.09;Veta;Productiva;MA250;0.05;2.04;118.9;12;0.5;0.13;15.35;1.27;4.9;54.5;14;0.01;8;8.28;0;1.8;6;0.04;2.1;0.05;5.63;721;1.68;1.649;5.69;199.7;0.05;1.15;0.98;4;8.98;0.31;54;0.83;41;0.05;0.03;0.5;0.031;12.9;0.4;47;0.2;1;63.7;0.5
PA-94;992154.676;1104698.79;541.88;Veta;Productiva;MA250;0.03;0.18;2.6;76;0.5;0.02;34.78;0.77;23.7;0.1;1;0.02;1;0.62;0;1.1;21.04;0.02;7.4;0.05;2.28;1523;0.07;0.097;0.47;1.6;0.016;2.72;0.2;0.4;0.02;0.16;18.1;1.49;150;0.05;0.03;0.3;0.005;183.1;1.2;4;0.05;4.3;28.1;0.1
PA-95;992120.1;1104519.49;552.67;Veta;Productiva;MA250;0.02;3.41;10.6;197;0.5;0.11;21.78;4.15;7.3;14.1;15;0.02;5.1;1.99;0;4.1;7.46;0.09;2.9;0.1;2.51;1164;0.91;2.893;8.77;23.1;0.075;2.83;1.98;0.4;1.14;0.66;13.7;1.14;101;0.05;0.03;4;0.062;33.6;1.7;57;0.3;1.4;40.5;0.5
PA-97;992172.136;1104902.1;543.35;Veta;Productiva;MA250;0.01;0.42;1.9;19;0.5;0.06;36.47;4.37;15;0.2;5;0.02;5.5;0.34;0;2.1;20.65;0.05;9.8;0.05;0.21;1150;0.25;0.211;1.45;1.2;0.013;4.88;0.38;0.4;0.02;1.06;11.8;1.41;124;0.05;0.03;0.6;0.011;88.9;1.4;25;0.05;3.4;81.1;0.1
PA-99;992069.965;1104366.07;66.19;Veta;Productiva;MA250;0.01;0.45;2.4;5;0.5;0.02;36.33;1.66;55.9;0.7;2;0.01;0.6;0.35;0;1.7;55.8;0.04;22.1;0.05;0.51;1447;0.17;0.329;1.31;0.9;0.02;1.11;0.55;0.3;0.02;0.08;6.5;1.25;121;0.05;0.03;0.8;0.015;259;0.8;8;0.1;9.8;28.6;0.1
PA-24;992027.620;1104910.35;643.91;Veta;No productiva;MA250;0.148;0.07;1.9;115;0.5;0.02;40;1.52;81.81;0.6;0.5;0.05;0.8;0.27;0.54;0.38;0.03;0.005;33.4;1.1;0.35;1314;0.22;0.042;0.17;0.05;0.002;0.81;0.1;0.007;0.02;0.08;6.1;0.9;312;0.05;4.46;0.3;0.003;0.025;0.2;2;0.05;92.8;11.1;16.8
PA-59;992103.865;1104736.84;598.9;Veta;No productiva;MA250;0.03;5.72;27.4;49;1;1.4;9.97;0.35;32.58;13.1;17;0.2;13.8;1.65;18.85;0.04;0.02;0.71;15.7;2;1.68;680;2.03;4.851;4.83;25.3;0.132;5.03;22.6;0;0.5;1.56;8.5;0.4;49;0.4;2.44;7.9;0.166;0.13;2.1;115;0.6;8.8;25.3;1.9
PA-62;992021.327;1104915.99;643.03;Veta;No productiva;MA250;0.06;0.43;0.2;322;0.5;0.07;40;5.56;85.92;1;1;0.05;4.4;0.34;1.56;0.02;0.04;0.01;36.5;7.2;0.41;1372;0.18;0.106;0.62;2.1;0.015;1.07;0.6;0;0.04;1.47;7.4;0.9;334;0.05;5.57;0.9;0.016;0.03;1.2;6;0.2;101.9;221.4;0.2
PA-72;992108.38;1104621.49;490.6;Veta;No productiva;MA250;0.066;0.65;56.6;17;0.5;0.11;27.7;4.21;4.54;22.7;6;0.05;6.2;7.99;2.11;0.07;0.03;0.11;1.5;1.9;0.77;967;0.24;0.353;0.21;95.7;0.008;1.92;4.7;0.003;2.14;0.25;11.4;1.5;108;0.05;3.69;0.2;0.005;0.025;0.4;34;0.1;24.7;41.9;2.7
PA-96;992179.98;1104712.87;541.16;Veta;No productiva;MA250;0.04;2.61;216.9;18;0.5;0.59;13.36;0.19;13.2;52.3;22;0.01;3.7;6.49;0;10.1;21.56;0.25;9.4;0.2;7.08;407;1.59;1.822;5.19;255.4;0.024;4.86;2.24;6.8;6.9;1.23;52.6;1.13;60;0.3;0.1;2;0.062;26;0.2;48;0.2;2.9;11.5;0.5
